WHO region,ITZ,COUNTRY/AREA/TERRITORY,COUNTRY_CODE,ORIGIN_SOURCE,ISO_YEAR,ISO_WEEK,ISO_SDATE,SPEC_RECEIVED_NB,SPEC_PROCESSED_NB,AH1,AH1N12009,AH3,AH5,ANOTSUBTYPED,INF_A,BVIC,BYAM,BNOTDETERMINED,INF_B,INF_ALL,INF_NEGATIVE,ILI_ACTIVITY
WPR,Eastern Asia,China,CHN,NOTDEFINED,2013,42,2013-10-14T04:00:00.000Z,8278,7874,0,44,172,0,3,219,0,22,63,85,304,,3
WPR,Eastern Asia,China,CHN,NOTDEFINED,2013,43,2013-10-21T04:00:00.000Z,8462,7321,0,53,151,0,6,210,0,9,88,97,307,,3
WPR,Eastern Asia,China,CHN,NOTDEFINED,2013,44,2013-10-28T04:00:00.000Z,8810,8313,0,94,187,0,8,289,0,32,86,118,407,,3
WPR,Eastern Asia,China,CHN,NOTDEFINED,2013,45,2013-11-04T05:00:00.000Z,8794,7365,0,91,199,0,5,295,1,8,115,124,419,,3
WPR,Eastern Asia,China,CHN,NOTDEFINED,2013,46,2013-11-11T05:00:00.000Z,9412,8711,0,162,230,0,2,394,3,87,144,234,628,,3
WPR,Eastern Asia,China,CHN,NOTDEFINED,2013,47,2013-11-18T05:00:00.000Z,9453,8107,0,130,297,0,10,437,0,49,211,260,697,,4
WPR,Eastern Asia,China,CHN,NOTDEFINED,2013,48,2013-11-25T05:00:00.000Z,10131,9906,0,264,498,0,4,766,7,173,241,421,1187,,4
WPR,Eastern Asia,China,CHN,NOTDEFINED,2013,49,2013-12-02T05:00:00.000Z,10440,10069,0,341,691,0,2,1034,6,183,341,530,1564,,4
WPR,Eastern Asia,China,CHN,NOTDEFINED,2013,50,2013-12-09T05:00:00.000Z,10532,9987,0,496,822,0,7,1325,7,168,450,625,1950,,5
WPR,Eastern Asia,China,CHN,NOTDEFINED,2013,51,2013-12-16T05:00:00.000Z,10914,9571,0,620,976,0,12,1608,6,75,592,673,2281,,5
WPR,Eastern Asia,China,CHN,NOTDEFINED,2013,52,2013-12-23T05:00:00.000Z,11831,11193,0,1193,1212,0,10,2415,6,323,655,984,3399,,5
WPR,Eastern Asia,China,CHN,NOTDEFINED,2014,1,2013-12-30T05:00:00.000Z,11355,10751,0,1618,1129,0,6,2753,5,324,678,1007,3760,,5
WPR,Eastern Asia,China,CHN,NOTDEFINED,2014,2,2014-01-06T05:00:00.000Z,11985,10199,0,1837,899,0,22,2758,2,210,810,1022,3780,,5
WPR,Eastern Asia,China,CHN,NOTDEFINED,2014,3,2014-01-13T05:00:00.000Z,11998,10756,0,2131,818,0,33,2982,8,278,823,1109,4091,,5
WPR,Eastern Asia,China,CHN,NOTDEFINED,2014,4,2014-01-20T05:00:00.000Z,11776,9621,0,1878,644,0,19,2541,0,50,897,947,3488,,5
WPR,Eastern Asia,China,CHN,NOTDEFINED,2014,5,2014-01-27T05:00:00.000Z,8616,6575,0,1101,347,0,43,1491,0,35,613,648,2139,,5
WPR,Eastern Asia,China,CHN,NOTDEFINED,2014,6,2014-02-03T05:00:00.000Z,9206,8275,0,1189,343,0,8,1540,1,154,644,799,2339,,5
WPR,Eastern Asia,China,CHN,NOTDEFINED,2014,7,2014-02-10T05:00:00.000Z,10331,9884,0,1105,261,0,9,1375,7,311,559,877,2252,,5
WPR,Eastern Asia,China,CHN,NOTDEFINED,2014,8,2014-02-17T05:00:00.000Z,10492,9713,0,941,218,0,5,1164,5,274,628,907,2071,,5
WPR,Eastern Asia,China,CHN,NOTDEFINED,2014,9,2014-02-24T05:00:00.000Z,10784,10304,0,852,245,0,4,1101,15,393,669,1077,2178,,5
WPR,Eastern Asia,China,CHN,NOTDEFINED,2014,10,2014-03-03T05:00:00.000Z,10297,9645,0,653,171,0,8,832,8,303,672,983,1815,,5
WPR,Eastern Asia,China,CHN,NOTDEFINED,2014,11,2014-03-10T04:00:00.000Z,10114,8715,0,427,190,0,2,619,0,121,801,922,1541,,5
WPR,Eastern Asia,China,CHN,NOTDEFINED,2014,12,2014-03-17T04:00:00.000Z,10355,9853,0,369,151,0,0,520,18,312,676,1006,1526,,5
WPR,Eastern Asia,China,CHN,NOTDEFINED,2014,13,2014-03-24T04:00:00.000Z,9898,8956,0,284,124,0,3,411,9,182,517,708,1119,,4
WPR,Eastern Asia,China,CHN,NOTDEFINED,2014,14,2014-03-31T04:00:00.000Z,7512,6403,0,148,83,0,3,234,1,47,400,448,682,,4
WPR,Eastern Asia,China,CHN,NOTDEFINED,2014,15,2014-04-07T04:00:00.000Z,6848,5909,0,99,66,0,4,169,1,30,275,306,475,,4
WPR,Eastern Asia,China,CHN,NOTDEFINED,2014,16,2014-04-14T04:00:00.000Z,6959,6491,0,84,83,0,1,168,1,77,164,242,410,,4
WPR,Eastern Asia,China,CHN,NOTDEFINED,2014,17,2014-04-21T04:00:00.000Z,6599,5941,0,48,100,0,10,158,0,30,153,183,341,,4
WPR,Eastern Asia,China,CHN,NOTDEFINED,2014,18,2014-04-28T04:00:00.000Z,6219,6026,0,31,102,0,3,136,0,50,108,158,294,,4
WPR,Eastern Asia,China,CHN,NOTDEFINED,2014,19,2014-05-05T04:00:00.000Z,6868,6514,0,28,140,0,2,170,5,56,81,142,312,,4
WPR,Eastern Asia,China,CHN,NOTDEFINED,2014,20,2014-05-12T04:00:00.000Z,6749,6269,0,16,186,0,1,203,5,26,89,120,323,,4
WPR,Eastern Asia,China,CHN,NOTDEFINED,2014,21,2014-05-19T04:00:00.000Z,6502,5549,0,5,152,0,2,159,0,7,88,95,254,,4
WPR,Eastern Asia,China,CHN,NOTDEFINED,2014,22,2014-05-26T04:00:00.000Z,6294,5273,0,12,208,0,1,221,0,4,64,68,289,,4
WPR,Eastern Asia,China,CHN,NOTDEFINED,2014,23,2014-06-02T04:00:00.000Z,6686,6523,0,3,357,0,7,367,0,11,44,55,422,,4
WPR,Eastern Asia,China,CHN,NOTDEFINED,2014,24,2014-06-09T04:00:00.000Z,6848,6549,0,15,531,0,2,548,2,13,29,44,592,,4
WPR,Eastern Asia,China,CHN,NOTDEFINED,2014,25,2014-06-16T04:00:00.000Z,6720,6104,0,5,478,0,0,483,1,8,45,54,537,,4
WPR,Eastern Asia,China,CHN,NOTDEFINED,2014,26,2014-06-23T04:00:00.000Z,6283,5313,0,14,592,0,1,607,1,9,45,55,662,,4
WPR,Eastern Asia,China,CHN,NOTDEFINED,2014,27,2014-06-30T04:00:00.000Z,6417,5373,0,2,671,0,6,679,1,5,35,41,720,,4
WPR,Eastern Asia,China,CHN,NOTDEFINED,2014,28,2014-07-07T04:00:00.000Z,7072,6937,0,9,987,0,1,997,3,26,15,44,1041,,4
WPR,Eastern Asia,China,CHN,NOTDEFINED,2014,29,2014-07-14T04:00:00.000Z,6767,6598,0,2,1119,0,1,1122,1,17,18,36,1158,,4
WPR,Eastern Asia,China,CHN,NOTDEFINED,2014,30,2014-07-21T04:00:00.000Z,6643,6369,0,4,1179,0,4,1187,1,13,28,42,1229,,4
WPR,Eastern Asia,China,CHN,NOTDEFINED,2014,31,2014-07-28T04:00:00.000Z,6403,5912,0,0,1125,0,11,1136,0,5,28,33,1169,,4
WPR,Eastern Asia,China,CHN,NOTDEFINED,2014,32,2014-08-04T04:00:00.000Z,6510,5450,0,0,921,0,5,926,0,2,41,43,969,,4
WPR,Eastern Asia,China,CHN,NOTDEFINED,2014,33,2014-08-11T04:00:00.000Z,6421,5502,0,0,933,0,8,941,0,5,43,48,989,,4
WPR,Eastern Asia,China,CHN,NOTDEFINED,2014,34,2014-08-18T04:00:00.000Z,6475,5953,0,1,845,0,7,853,0,13,36,49,902,,4
WPR,Eastern Asia,China,CHN,NOTDEFINED,2014,35,2014-08-25T04:00:00.000Z,6422,6314,0,1,747,0,3,751,3,53,15,71,822,,4
WPR,Eastern Asia,China,CHN,NOTDEFINED,2014,36,2014-09-01T04:00:00.000Z,6780,6472,0,2,666,0,2,670,1,32,23,56,726,,4
WPR,Eastern Asia,China,CHN,NOTDEFINED,2014,37,2014-09-08T04:00:00.000Z,6710,6320,0,12,535,0,2,549,1,56,18,75,624,,4
WPR,Eastern Asia,China,CHN,NOTDEFINED,2014,38,2014-09-15T04:00:00.000Z,6611,5893,0,5,364,0,9,378,1,61,25,87,465,,4
WPR,Eastern Asia,China,CHN,NOTDEFINED,2014,39,2014-09-22T04:00:00.000Z,6726,5517,0,1,244,0,5,250,0,38,26,64,314,,4
WPR,Eastern Asia,China,CHN,NOTDEFINED,2014,40,2014-09-29T04:00:00.000Z,6950,6777,0,4,215,0,0,219,0,36,23,59,278,,4
WPR,Eastern Asia,China,CHN,NOTDEFINED,2014,41,2014-10-06T04:00:00.000Z,9084,8728,0,6,224,0,1,231,0,35,19,54,285,,4
WPR,Eastern Asia,China,CHN,NOTDEFINED,2014,42,2014-10-13T04:00:00.000Z,9743,8898,0,6,186,0,0,192,0,31,12,43,235,,4
WPR,Eastern Asia,China,CHN,NOTDEFINED,2014,43,2014-10-20T04:00:00.000Z,9764,8004,0,14,189,0,4,207,0,38,18,56,263,,4
WPR,Eastern Asia,China,CHN,NOTDEFINED,2014,44,2014-10-27T04:00:00.000Z,9964,9703,0,5,271,0,0,276,1,30,13,44,320,,4
WPR,Eastern Asia,China,CHN,NOTDEFINED,2014,45,2014-11-03T05:00:00.000Z,10190,9948,0,5,346,0,1,352,1,38,9,48,400,,4
WPR,Eastern Asia,China,CHN,NOTDEFINED,2014,46,2014-11-10T05:00:00.000Z,10214,9941,0,10,480,0,1,491,4,39,8,51,542,,4
WPR,Eastern Asia,China,CHN,NOTDEFINED,2014,47,2014-11-17T05:00:00.000Z,10504,9780,0,18,741,0,4,763,2,62,11,75,838,,4
WPR,Eastern Asia,China,CHN,NOTDEFINED,2014,48,2014-11-24T05:00:00.000Z,10317,8622,0,25,794,0,3,822,1,51,15,67,889,,4
WPR,Eastern Asia,China,CHN,NOTDEFINED,2014,49,2014-12-01T05:00:00.000Z,10711,8952,0,19,1184,0,12,1215,1,56,16,73,1288,,4
WPR,Eastern Asia,China,CHN,NOTDEFINED,2014,50,2014-12-08T05:00:00.000Z,10868,9179,0,22,1508,0,3,1533,5,106,19,130,1663,,4
WPR,Eastern Asia,China,CHN,NOTDEFINED,2014,51,2014-12-15T05:00:00.000Z,11284,9318,0,9,1875,0,0,1884,0,182,9,191,2075,,4
WPR,Eastern Asia,China,CHN,NOTDEFINED,2014,52,2014-12-22T05:00:00.000Z,11152,9193,0,9,1886,0,2,1897,9,303,46,358,2255,,4
WPR,Eastern Asia,China,CHN,NOTDEFINED,2015,1,2014-12-29T05:00:00.000Z,10213,8370,0,9,1538,0,6,1553,3,341,41,385,1938,,4
WPR,Eastern Asia,China,CHN,NOTDEFINED,2015,2,2015-01-05T05:00:00.000Z,10650,10194,0,22,1922,0,6,1950,13,609,15,637,2587,,4
WPR,Eastern Asia,China,CHN,NOTDEFINED,2015,3,2015-01-12T05:00:00.000Z,11289,11088,0,14,1440,0,4,1458,14,797,62,873,2331,,4
WPR,Eastern Asia,China,CHN,NOTDEFINED,2015,4,2015-01-19T05:00:00.000Z,11423,11085,0,11,1149,0,16,1176,22,858,69,949,2125,,4
WPR,Eastern Asia,China,CHN,NOTDEFINED,2015,5,2015-01-26T05:00:00.000Z,11030,10487,0,9,800,0,3,812,35,813,69,917,1729,,4
WPR,Eastern Asia,China,CHN,NOTDEFINED,2015,6,2015-02-02T05:00:00.000Z,10858,9912,0,8,618,0,1,627,14,765,109,888,1515,,4
WPR,Eastern Asia,China,CHN,NOTDEFINED,2015,7,2015-02-09T05:00:00.000Z,11157,9588,0,4,465,0,1,470,24,801,131,956,1426,,4
WPR,Eastern Asia,China,CHN,NOTDEFINED,2015,8,2015-02-16T05:00:00.000Z,8065,7481,0,7,314,0,0,321,14,633,93,740,1061,,4
WPR,Eastern Asia,China,CHN,NOTDEFINED,2015,9,2015-02-23T05:00:00.000Z,9820,9067,0,10,332,0,3,345,20,795,121,936,1281,,4
WPR,Eastern Asia,China,CHN,NOTDEFINED,2015,10,2015-03-02T05:00:00.000Z,10826,10513,0,19,352,0,0,371,20,767,115,902,1273,,4
WPR,Eastern Asia,China,CHN,NOTDEFINED,2015,11,2015-03-09T04:00:00.000Z,10889,10182,0,17,341,0,0,358,26,940,144,1110,1468,,4
WPR,Eastern Asia,China,CHN,NOTDEFINED,2015,12,2015-03-16T04:00:00.000Z,10754,9276,0,8,263,0,0,271,25,819,230,1074,1345,,4
WPR,Eastern Asia,China,CHN,NOTDEFINED,2015,13,2015-03-23T04:00:00.000Z,10573,8803,0,3,181,0,1,185,22,774,251,1047,1232,,4
WPR,Eastern Asia,China,CHN,NOTDEFINED,2015,14,2015-03-30T04:00:00.000Z,9360,8804,0,6,172,0,3,181,19,731,148,898,1079,,4
WPR,Eastern Asia,China,CHN,NOTDEFINED,2015,15,2015-04-06T04:00:00.000Z,7699,7012,0,9,144,0,0,153,30,427,70,527,680,,4
WPR,Eastern Asia,China,CHN,NOTDEFINED,2015,16,2015-04-13T04:00:00.000Z,7533,6340,0,5,129,0,0,134,19,348,100,467,601,,4
WPR,Eastern Asia,China,CHN,NOTDEFINED,2015,17,2015-04-20T04:00:00.000Z,7903,7792,0,4,161,0,0,165,17,406,77,500,665,,4
WPR,Eastern Asia,China,CHN,NOTDEFINED,2015,18,2015-04-27T04:00:00.000Z,7457,7348,0,10,159,0,2,171,23,275,79,377,548,,3
WPR,Eastern Asia,China,CHN,NOTDEFINED,2015,19,2015-05-04T04:00:00.000Z,8038,7622,0,8,171,0,2,181,23,295,53,371,552,,3
WPR,Eastern Asia,China,CHN,NOTDEFINED,2015,20,2015-05-11T04:00:00.000Z,7578,7087,0,8,163,0,0,171,9,221,50,280,451,,3
WPR,Eastern Asia,China,CHN,NOTDEFINED,2015,21,2015-05-18T04:00:00.000Z,7415,6631,0,8,237,0,3,248,15,131,61,207,455,,3
WPR,Eastern Asia,China,CHN,NOTDEFINED,2015,22,2015-05-25T04:00:00.000Z,6749,5913,0,8,267,0,2,277,5,86,30,121,398,,3
WPR,Eastern Asia,China,CHN,NOTDEFINED,2015,23,2015-06-01T04:00:00.000Z,7393,7044,0,5,461,0,0,466,5,130,24,159,625,,3
WPR,Eastern Asia,China,CHN,NOTDEFINED,2015,24,2015-06-08T04:00:00.000Z,7491,6989,0,10,643,0,0,653,9,124,27,160,813,,4
WPR,Eastern Asia,China,CHN,NOTDEFINED,2015,25,2015-06-15T04:00:00.000Z,7030,6352,0,5,882,0,1,888,3,94,22,119,1007,,4
WPR,Eastern Asia,China,CHN,NOTDEFINED,2015,26,2015-06-22T04:00:00.000Z,6832,5754,0,3,927,0,0,930,5,71,25,101,1031,,4
WPR,Eastern Asia,China,CHN,NOTDEFINED,2015,27,2015-06-29T04:00:00.000Z,6962,6536,0,6,1183,0,7,1196,4,101,24,129,1325,,4
WPR,Eastern Asia,China,CHN,NOTDEFINED,2015,28,2015-07-06T04:00:00.000Z,7262,6545,0,11,1171,0,3,1185,0,98,19,117,1302,,4
WPR,Eastern Asia,China,CHN,NOTDEFINED,2015,29,2015-07-13T04:00:00.000Z,6831,5924,0,4,1097,0,16,1117,7,62,30,99,1216,,4
WPR,Eastern Asia,China,CHN,NOTDEFINED,2015,30,2015-07-20T04:00:00.000Z,7105,6509,0,1,1283,0,5,1289,2,79,19,100,1389,,4
WPR,Eastern Asia,China,CHN,NOTDEFINED,2015,31,2015-07-27T04:00:00.000Z,6712,5863,0,1,1318,0,12,1331,4,61,34,99,1430,,4
WPR,Eastern Asia,China,CHN,NOTDEFINED,2015,32,2015-08-03T04:00:00.000Z,7073,6496,0,1,1110,0,1,1112,3,61,14,78,1190,,4
WPR,Eastern Asia,China,CHN,NOTDEFINED,2015,33,2015-08-10T04:00:00.000Z,6894,6168,0,2,942,0,2,946,1,49,19,69,1015,,4
WPR,Eastern Asia,China,CHN,NOTDEFINED,2015,34,2015-08-17T04:00:00.000Z,6567,5574,0,0,796,0,0,796,1,44,13,58,854,,4
WPR,Eastern Asia,China,CHN,NOTDEFINED,2015,35,2015-08-24T04:00:00.000Z,6822,6241,0,5,733,0,0,738,1,39,21,61,799,,4
WPR,Eastern Asia,China,CHN,NOTDEFINED,2015,36,2015-08-31T04:00:00.000Z,6151,5262,0,3,502,0,1,506,0,26,17,43,549,,4
WPR,Eastern Asia,China,CHN,NOTDEFINED,2015,37,2015-09-07T04:00:00.000Z,6935,6291,0,0,433,0,0,433,1,44,8,53,486,,3
WPR,Eastern Asia,China,CHN,NOTDEFINED,2015,38,2015-09-14T04:00:00.000Z,6957,5868,0,0,278,0,1,279,1,29,9,39,318,,3
WPR,Eastern Asia,China,CHN,NOTDEFINED,2015,39,2015-09-21T04:00:00.000Z,6861,6181,0,1,185,0,0,186,1,28,10,39,225,,3
WPR,Eastern Asia,China,CHN,NOTDEFINED,2015,40,2015-09-28T04:00:00.000Z,7310,6026,0,1,129,0,0,130,3,22,9,34,164,,3
WPR,Eastern Asia,China,CHN,NOTDEFINED,2015,41,2015-10-05T04:00:00.000Z,9118,8465,0,1,161,0,0,162,3,23,14,40,202,,3
WPR,Eastern Asia,China,CHN,NOTDEFINED,2015,42,2015-10-12T04:00:00.000Z,10277,9308,0,2,140,0,0,142,0,34,18,52,194,,3
WPR,Eastern Asia,China,CHN,NOTDEFINED,2015,43,2015-10-19T04:00:00.000Z,10437,9902,0,9,150,0,0,159,2,55,21,78,237,,3
WPR,Eastern Asia,China,CHN,NOTDEFINED,2015,44,2015-10-26T04:00:00.000Z,10249,9703,0,2,92,0,2,96,8,51,15,74,170,,3
WPR,Eastern Asia,China,CHN,NOTDEFINED,2015,45,2015-11-02T05:00:00.000Z,10163,9249,0,2,83,0,1,86,5,71,10,86,172,,3
WPR,Eastern Asia,China,CHN,NOTDEFINED,2015,46,2015-11-09T05:00:00.000Z,10210,8639,0,2,97,0,0,99,2,64,11,77,176,,3
WPR,Eastern Asia,China,CHN,NOTDEFINED,2015,47,2015-11-16T05:00:00.000Z,10584,9580,0,17,128,0,0,146,14,70,21,105,251,9329,3
WPR,Eastern Asia,China,CHN,NOTDEFINED,2015,48,2015-11-23T05:00:00.000Z,10194,8508,0,21,133,0,0,154,16,80,26,122,276,8232,3
WPR,Eastern Asia,China,CHN,NOTDEFINED,2015,49,2015-11-30T05:00:00.000Z,7484,4893,0,20,66,0,0,86,6,46,18,70,156,4737,3
WPR,Eastern Asia,China,CHN,NOTDEFINED,2015,50,2015-12-07T05:00:00.000Z,11247,10473,0,135,222,0,3,360,52,101,43,196,556,9917,3
WPR,Eastern Asia,China,CHN,NOTDEFINED,2015,51,2015-12-14T05:00:00.000Z,11212,10070,0,246,275,0,0,521,63,128,63,254,775,9295,3
WPR,Eastern Asia,China,CHN,NOTDEFINED,2015,52,2015-12-21T05:00:00.000Z,11147,10653,0,349,359,0,2,710,136,159,83,378,1088,9565,3
WPR,Eastern Asia,China,CHN,NOTDEFINED,2015,53,2015-12-28T05:00:00.000Z,10728,9935,0,438,387,0,4,829,182,202,109,493,1322,8613,4
WPR,Eastern Asia,China,CHN,NOTDEFINED,2016,1,2016-01-04T05:00:00.000Z,11646,9868,0,1637,502,0,9,2148,202,206,175,583,2731,7137,4
WPR,Eastern Asia,China,CHN,NOTDEFINED,2016,2,2016-01-11T05:00:00.000Z,11981,11563,0,882,654,0,0,1536,443,253,176,872,2408,9155,4
WPR,Eastern Asia,China,CHN,NOTDEFINED,2016,3,2016-01-18T05:00:00.000Z,12425,11658,0,990,713,0,3,1706,595,337,253,1185,2891,8767,4
WPR,Eastern Asia,China,CHN,NOTDEFINED,2016,4,2016-01-25T05:00:00.000Z,12086,10561,0,957,606,0,17,1580,623,241,389,1253,2833,7728,4
WPR,Eastern Asia,China,CHN,NOTDEFINED,2016,5,2016-02-01T05:00:00.000Z,9988,7882,0,816,393,0,20,1229,377,162,378,917,2146,5736,4
WPR,Eastern Asia,China,CHN,NOTDEFINED,2016,6,2016-02-08T05:00:00.000Z,9092,7643,0,869,376,0,24,1269,417,150,299,866,2135,5508,4
WPR,Eastern Asia,China,CHN,NOTDEFINED,2016,7,2016-02-15T05:00:00.000Z,11622,9917,0,933,507,0,14,1454,742,246,378,1366,2820,7097,4
WPR,Eastern Asia,China,CHN,NOTDEFINED,2016,8,2016-02-22T05:00:00.000Z,11825,10856,0,986,434,0,24,1444,1030,358,344,1732,3176,7680,4
WPR,Eastern Asia,China,CHN,NOTDEFINED,2016,9,2016-02-29T05:00:00.000Z,11900,10075,0,881,336,0,3,1220,1170,293,522,1985,3205,6870,5
WPR,Eastern Asia,China,CHN,NOTDEFINED,2016,10,2016-03-07T05:00:00.000Z,11852,10031,0,863,223,0,11,1097,1522,311,626,2459,3556,6475,5
WPR,Eastern Asia,China,CHN,NOTDEFINED,2016,11,2016-03-14T04:00:00.000Z,12628,12223,0,917,197,0,0,1114,2350,357,546,3253,4367,7856,5
WPR,Eastern Asia,China,CHN,NOTDEFINED,2016,12,2016-03-21T04:00:00.000Z,12133,11583,0,859,163,0,0,1022,2256,318,474,3048,4070,7513,5
WPR,Eastern Asia,China,CHN,NOTDEFINED,2016,13,2016-03-28T04:00:00.000Z,11156,10265,0,639,91,0,4,734,1885,197,431,2513,3247,7018,5
WPR,Eastern Asia,China,CHN,NOTDEFINED,2016,14,2016-04-04T04:00:00.000Z,8323,6948,0,448,44,0,1,493,1146,124,265,1535,2028,4920,5
WPR,Eastern Asia,China,CHN,NOTDEFINED,2016,15,2016-04-11T04:00:00.000Z,7719,7071,0,416,48,0,0,464,1018,102,162,1282,1746,5325,4
WPR,Eastern Asia,China,CHN,NOTDEFINED,2016,16,2016-04-18T04:00:00.000Z,7487,6384,0,268,32,0,0,300,696,75,157,928,1228,5156,4
WPR,Eastern Asia,China,CHN,NOTDEFINED,2016,17,2016-04-25T04:00:00.000Z,6705,5741,0,220,20,0,3,243,543,48,124,715,958,4783,4
WPR,Eastern Asia,China,CHN,NOTDEFINED,2016,18,2016-05-02T04:00:00.000Z,7044,6017,0,149,14,0,0,163,435,36,64,535,698,5319,3
WPR,Eastern Asia,China,CHN,NOTDEFINED,2016,19,2016-05-09T04:00:00.000Z,7128,6193,0,86,4,0,1,91,323,42,77,442,533,5660,3
WPR,Eastern Asia,China,CHN,NOTDEFINED,2016,20,2016-05-16T04:00:00.000Z,6982,6152,0,75,2,0,0,77,251,32,64,347,424,5728,3
WPR,Eastern Asia,China,CHN,NOTDEFINED,2016,21,2016-05-23T04:00:00.000Z,7002,6452,0,52,1,0,0,53,256,41,34,331,384,6068,3
WPR,Eastern Asia,China,CHN,NOTDEFINED,2016,22,2016-05-30T04:00:00.000Z,6930,5732,0,43,13,0,1,57,168,21,42,231,288,5444,1
WPR,Eastern Asia,China,CHN,NOTDEFINED,2016,23,2016-06-06T04:00:00.000Z,6920,6390,0,35,8,0,1,44,185,29,32,246,290,6100,1
WPR,Eastern Asia,China,CHN,NOTDEFINED,2016,24,2016-06-13T04:00:00.000Z,6908,5842,0,12,9,0,1,22,110,12,23,145,167,5675,1
WPR,Eastern Asia,China,CHN,NOTDEFINED,2016,25,2016-06-20T04:00:00.000Z,6919,5960,0,18,10,0,0,28,83,21,19,123,151,5809,3
WPR,Eastern Asia,China,CHN,NOTDEFINED,2016,26,2016-06-27T04:00:00.000Z,6665,5701,0,15,7,0,0,22,63,29,32,124,146,5555,3
WPR,Eastern Asia,China,CHN,NOTDEFINED,2016,27,2016-07-04T04:00:00.000Z,6906,6093,0,9,4,0,0,13,61,18,18,97,110,5983,3
WPR,Eastern Asia,China,CHN,NOTDEFINED,2016,28,2016-07-11T04:00:00.000Z,6818,5932,0,15,15,0,1,31,59,12,18,89,120,5812,3
WPR,Eastern Asia,China,CHN,NOTDEFINED,2016,29,2016-07-18T04:00:00.000Z,6698,5731,0,6,23,0,0,29,40,14,21,75,104,5627,3
WPR,Eastern Asia,China,CHN,NOTDEFINED,2016,30,2016-07-25T04:00:00.000Z,6632,5711,0,12,20,0,0,32,28,21,21,70,102,5609,3
WPR,Eastern Asia,China,CHN,NOTDEFINED,2016,31,2016-08-01T04:00:00.000Z,6875,6285,0,8,36,0,1,45,36,14,14,64,109,6176,3
WPR,Eastern Asia,China,CHN,NOTDEFINED,2016,32,2016-08-08T04:00:00.000Z,6698,5735,0,1,67,0,1,69,39,9,6,54,123,5612,3
WPR,Eastern Asia,China,CHN,NOTDEFINED,2016,33,2016-08-15T04:00:00.000Z,6489,5612,0,3,97,0,0,100,24,10,8,42,142,5470,3
WPR,Eastern Asia,China,CHN,NOTDEFINED,2016,34,2016-08-22T04:00:00.000Z,6680,5753,0,2,157,0,4,163,28,10,9,47,210,5543,3
WPR,Eastern Asia,China,CHN,NOTDEFINED,2016,35,2016-08-29T04:00:00.000Z,6708,6160,0,3,181,0,0,184,22,15,5,42,226,5934,3
WPR,Eastern Asia,China,CHN,NOTDEFINED,2016,36,2016-09-05T04:00:00.000Z,6768,5526,0,9,200,0,0,209,10,5,5,20,229,5297,3
WPR,Eastern Asia,China,CHN,NOTDEFINED,2016,37,2016-09-12T04:00:00.000Z,6530,6396,0,7,301,0,1,309,15,4,6,25,334,6062,3
WPR,Eastern Asia,China,CHN,NOTDEFINED,2016,38,2016-09-19T04:00:00.000Z,6949,6606,0,10,325,0,0,335,10,5,2,17,352,6254,3
WPR,Eastern Asia,China,CHN,NOTDEFINED,2016,39,2016-09-26T04:00:00.000Z,7248,6571,0,3,343,0,1,347,10,5,3,18,365,6206,3
WPR,Eastern Asia,China,CHN,NOTDEFINED,2016,40,2016-10-03T04:00:00.000Z,8330,7080,0,5,357,0,2,364,9,4,1,14,378,6702,3
WPR,Eastern Asia,China,CHN,NOTDEFINED,2016,41,2016-10-10T04:00:00.000Z,9605,8076,0,10,431,0,16,457,15,5,2,22,479,7597,3
WPR,Eastern Asia,China,CHN,NOTDEFINED,2016,42,2016-10-17T04:00:00.000Z,10542,10306,0,3,714,0,3,720,11,17,1,29,749,9557,3
WPR,Eastern Asia,China,CHN,NOTDEFINED,2016,43,2016-10-24T04:00:00.000Z,10465,9735,0,11,805,0,11,827,4,13,6,23,850,8885,4
WPR,Eastern Asia,China,CHN,NOTDEFINED,2016,44,2016-10-31T04:00:00.000Z,10545,8995,0,3,825,0,37,865,6,13,3,22,887,8108,4
WPR,Eastern Asia,China,CHN,NOTDEFINED,2016,45,2016-11-07T05:00:00.000Z,10717,9989,0,5,1143,0,3,1151,11,7,3,21,1172,8817,4
WPR,Eastern Asia,China,CHN,NOTDEFINED,2016,46,2016-11-14T05:00:00.000Z,10462,8934,0,1,1168,0,24,1193,12,7,6,25,1218,7716,4
WPR,Eastern Asia,China,CHN,NOTDEFINED,2016,47,2016-11-21T05:00:00.000Z,10987,10191,0,12,1296,0,3,1311,16,11,7,34,1345,8846,4
WPR,Eastern Asia,China,CHN,NOTDEFINED,2016,48,2016-11-28T05:00:00.000Z,10624,9171,0,9,1483,0,7,1499,11,3,10,24,1523,7648,4
WPR,Eastern Asia,China,CHN,NOTDEFINED,2016,49,2016-12-05T05:00:00.000Z,11207,10317,0,13,1896,0,1,1910,8,2,5,15,1925,8392,5
WPR,Eastern Asia,China,CHN,NOTDEFINED,2016,50,2016-12-12T05:00:00.000Z,11172,9328,0,29,1813,0,19,1861,16,2,4,22,1883,7445,5
WPR,Eastern Asia,China,CHN,NOTDEFINED,2016,51,2016-12-19T05:00:00.000Z,11104,9548,0,45,2120,0,4,2169,12,7,2,21,2190,7358,5
WPR,Eastern Asia,China,CHN,NOTDEFINED,2016,52,2016-12-26T05:00:00.000Z,9082,6528,0,61,1403,0,10,1474,13,3,0,16,1490,5038,5
WPR,Eastern Asia,China,CHN,NOTDEFINED,2017,1,2017-01-02T05:00:00.000Z,11261,11189,0,141,2248,0,0,2395,33,20,0,53,2448,8741,5
WPR,Eastern Asia,China,CHN,NOTDEFINED,2017,2,2017-01-09T05:00:00.000Z,11584,11376,0,163,2018,0,0,2184,33,19,17,69,2253,9123,5
WPR,Eastern Asia,China,CHN,NOTDEFINED,2017,3,2017-01-16T05:00:00.000Z,11838,11379,0,197,1778,0,0,1976,27,16,7,50,2026,9353,5
WPR,Eastern Asia,China,CHN,NOTDEFINED,2017,4,2017-01-23T05:00:00.000Z,9605,9058,0,254,1192,0,0,1451,32,10,3,45,1496,7562,5
WPR,Eastern Asia,China,CHN,NOTDEFINED,2017,5,2017-01-30T05:00:00.000Z,9622,9051,0,283,1117,0,0,1404,48,13,1,62,1466,7585,5
WPR,Eastern Asia,China,CHN,NOTDEFINED,2017,6,2017-02-06T05:00:00.000Z,10935,9846,0,307,1005,0,2,1317,45,17,5,67,1384,8462,5
WPR,Eastern Asia,China,CHN,NOTDEFINED,2017,7,2017-02-13T05:00:00.000Z,10195,7834,0,332,726,0,0,1060,46,10,5,61,1121,6713,4
WPR,Eastern Asia,China,CHN,NOTDEFINED,2017,8,2017-02-20T05:00:00.000Z,11437,11290,,587,886,0,6,1480,71,26,0,97,1577,9713,4
WPR,Eastern Asia,China,CHN,NOTDEFINED,2017,9,2017-02-27T05:00:00.000Z,11657,11324,,790,668,0,0,1460,131,43,0,174,1634,9690,5
WPR,Eastern Asia,China,CHN,NOTDEFINED,2017,10,2017-03-06T05:00:00.000Z,11557,10790,,932,483,0,1,1417,163,51,0,214,1631,9159,5
WPR,Eastern Asia,China,CHN,NOTDEFINED,2017,11,2017-03-13T04:00:00.000Z,11346,10018,0,925,334,0,2,1263,236,53,0,289,1552,8466,5
WPR,Eastern Asia,China,CHN,NOTDEFINED,2017,12,2017-03-20T04:00:00.000Z,9017,6132,0,586,143,0,2,731,196,33,0,229,960,5172,5
WPR,Eastern Asia,China,CHN,NOTDEFINED,2017,13,2017-03-27T04:00:00.000Z,11001,10068,0,871,198,,6,1075,319,60,17,396,1471,8597,5
WPR,Eastern Asia,China,CHN,NOTDEFINED,2017,14,2017-04-03T04:00:00.000Z,7284,6158,0,465,91,,5,562,266,30,19,315,877,5281,5
WPR,Eastern Asia,China,CHN,NOTDEFINED,2017,15,2017-04-10T04:00:00.000Z,7851,7499,0,543,63,0,0,606,303,40,0,343,949,6550,5
WPR,Eastern Asia,China,CHN,NOTDEFINED,2017,16,2017-04-17T04:00:00.000Z,7046,6124,0,337,55,0,3,395,274,30,0,304,699,5425,5
WPR,Eastern Asia,China,CHN,NOTDEFINED,2017,17,2017-04-24T04:00:00.000Z,7375,7188,0,411,70,0,4,485,247,29,16,292,777,6411,3
WPR,Eastern Asia,China,CHN,NOTDEFINED,2017,18,2017-05-01T04:00:00.000Z,7389,6912,0,302,60,0,1,363,250,26,25,301,664,6248,3
WPR,Eastern Asia,China,CHN,NOTDEFINED,2017,19,2017-05-08T04:00:00.000Z,7937,7593,0,216,63,0,3,282,216,24,21,261,543,7050,3
WPR,Eastern Asia,China,CHN,NOTDEFINED,2017,20,2017-05-15T04:00:00.000Z,7711,7342,0,290,75,0,2,367,179,29,12,220,587,6755,3
WPR,Eastern Asia,China,CHN,NOTDEFINED,2017,21,2017-05-22T04:00:00.000Z,7074,6733,0,198,65,0,3,266,144,17,18,179,445,6288,3
WPR,Eastern Asia,China,CHN,NOTDEFINED,2017,22,2017-05-29T04:00:00.000Z,6796,6331,0,151,41,0,0,192,83,12,2,97,289,6042,3
WPR,Eastern Asia,China,CHN,NOTDEFINED,2017,23,2017-06-05T04:00:00.000Z,7406,6936,0,127,63,0,1,191,89,18,5,112,303,6633,3
WPR,Eastern Asia,China,CHN,NOTDEFINED,2017,24,2017-06-12T04:00:00.000Z,7269,7104,0,113,106,0,2,221,87,20,5,112,333,6771,3
WPR,Eastern Asia,China,CHN,NOTDEFINED,2017,25,2017-06-19T04:00:00.000Z,7049,6766,,109,187,0,0,296,60,18,4,82,378,6388,3
WPR,Eastern Asia,China,CHN,NOTDEFINED,2017,26,2017-06-26T04:00:00.000Z,7218,6985,,144,312,0,0,456,69,32,2,103,559,6426,3
WPR,Eastern Asia,China,CHN,NOTDEFINED,2017,27,2017-07-03T04:00:00.000Z,7351,7173,,137,486,0,0,623,44,4,24,72,695,6478,3
WPR,Eastern Asia,China,CHN,NOTDEFINED,2017,28,2017-07-10T04:00:00.000Z,6982,6485,,119,727,0,2,848,48,2,24,74,922,5563,3
WPR,Eastern Asia,China,CHN,NOTDEFINED,2017,29,2017-07-17T04:00:00.000Z,6927,6569,,70,1049,0,8,1127,45,36,3,84,1211,5358,3
WPR,Eastern Asia,China,CHN,NOTDEFINED,2017,30,2017-07-24T04:00:00.000Z,6710,6404,,70,1073,0,2,1145,51,30,13,94,1239,5165,3
WPR,Eastern Asia,China,CHN,NOTDEFINED,2017,31,2017-07-31T04:00:00.000Z,6773,6361,,49,1079,0,0,1128,34,17,4,55,1183,5178,3
WPR,Eastern Asia,China,CHN,NOTDEFINED,2017,32,2017-08-07T04:00:00.000Z,7140,6729,,31,1249,0,5,1285,31,22,6,59,1344,5385,3
WPR,Eastern Asia,China,CHN,NOTDEFINED,2017,33,2017-08-14T04:00:00.000Z,7236,7078,,41,1447,0,1,1489,13,32,2,47,1536,5542,3
WPR,Eastern Asia,China,CHN,NOTDEFINED,2017,34,2017-08-21T04:00:00.000Z,6866,6572,,25,1422,0,0,1447,15,26,7,48,1495,5077,3
WPR,Eastern Asia,China,CHN,NOTDEFINED,2017,35,2017-08-28T04:00:00.000Z,6867,6630,,27,1451,0,2,1480,21,32,2,55,1535,5095,3
WPR,Eastern Asia,China,CHN,NOTDEFINED,2017,36,2017-09-04T04:00:00.000Z,7136,6672,,26,1235,0,10,1271,24,40,3,67,1338,5334,3
WPR,Eastern Asia,China,CHN,NOTDEFINED,2017,37,2017-09-11T04:00:00.000Z,7453,7020,,12,1263,0,8,1283,23,49,6,78,1361,5659,3
WPR,Eastern Asia,China,CHN,NOTDEFINED,2017,38,2017-09-18T04:00:00.000Z,7243,7026,,18,876,0,12,906,24,64,1,89,995,6031,3
WPR,Eastern Asia,China,CHN,NOTDEFINED,2017,39,2017-09-25T04:00:00.000Z,7594,7223,,24,788,0,4,816,24,52,5,81,897,6326,3
WPR,Eastern Asia,China,CHN,NOTDEFINED,2017,40,2017-10-02T04:00:00.000Z,7369,6857,,11,482,0,0,493,14,38,2,54,547,6310,3
WPR,Eastern Asia,China,CHN,NOTDEFINED,2017,41,2017-10-09T04:00:00.000Z,10564,10194,,14,695,0,0,709,32,76,1,109,818,9376,3
WPR,Eastern Asia,China,CHN,NOTDEFINED,2017,42,2017-10-16T04:00:00.000Z,10710,10260,,24,612,0,4,640,35,128,10,173,813,9447,3
WPR,Eastern Asia,China,CHN,NOTDEFINED,2017,43,2017-10-23T04:00:00.000Z,11035,10819,,38,542,0,0,580,41,231,5,277,857,9962,3
WPR,Eastern Asia,China,CHN,NOTDEFINED,2017,44,2017-10-30T04:00:00.000Z,10874,10241,,32,434,0,1,467,67,249,7,323,790,9451,3
WPR,Eastern Asia,China,CHN,NOTDEFINED,2017,45,2017-11-06T05:00:00.000Z,10970,10544,,76,387,0,16,479,119,400,34,553,1032,9512,3
WPR,Eastern Asia,China,CHN,NOTDEFINED,2017,46,2017-11-13T05:00:00.000Z,11051,10616,,79,375,0,0,454,159,532,32,723,1177,9439,3
WPR,Eastern Asia,China,CHN,NOTDEFINED,2017,47,2017-11-20T05:00:00.000Z,11322,10820,,172,414,0,5,591,194,752,45,991,1582,9238,3
WPR,Eastern Asia,China,CHN,NOTDEFINED,2017,48,2017-11-27T05:00:00.000Z,12074,11810,,304,544,0,4,852,304,1281,71,1656,2508,9302,4
WPR,Eastern Asia,China,CHN,NOTDEFINED,2017,49,2017-12-04T05:00:00.000Z,12383,11809,,481,644,0,2,1127,291,1636,98,2025,3152,8657,5
WPR,Eastern Asia,China,CHN,NOTDEFINED,2017,50,2017-12-11T05:00:00.000Z,12857,12367,,765,735,0,1,1501,373,2202,76,2651,4152,8215,5
WPR,Eastern Asia,China,CHN,NOTDEFINED,2017,51,2017-12-18T05:00:00.000Z,12894,12162,,1057,680,0,1,1738,422,2582,72,3076,4814,7348,5
WPR,Eastern Asia,China,CHN,NOTDEFINED,2017,52,2017-12-25T05:00:00.000Z,12334,11700,,1322,608,0,0,1930,381,2641,62,3084,5014,6686,5
WPR,Eastern Asia,China,CHN,NOTDEFINED,2018,1,2018-01-01T05:00:00.000Z,12568,12045,,1817,575,0,8,2400,377,2630,81,3088,5488,6557,5
WPR,Eastern Asia,China,CHN,NOTDEFINED,2018,2,2018-01-08T05:00:00.000Z,13561,13046,,2510,504,0,8,3022,373,2576,54,3003,6025,7021,5
WPR,Eastern Asia,China,CHN,NOTDEFINED,2018,3,2018-01-15T05:00:00.000Z,14058,13211,,2963,461,0,0,3424,294,2408,33,2735,6159,7052,5
WPR,Eastern Asia,China,CHN,NOTDEFINED,2018,4,2018-01-22T05:00:00.000Z,12942,12677,,2942,343,0,0,3285,273,1826,17,2116,5401,7276,5
WPR,Eastern Asia,China,CHN,NOTDEFINED,2018,5,2018-01-29T05:00:00.000Z,12301,11960,,2699,255,0,0,2954,187,1527,37,1751,4705,7255,5
WPR,Eastern Asia,China,CHN,NOTDEFINED,2018,6,2018-02-05T05:00:00.000Z,11904,11502,,2440,239,0,8,2687,117,1235,30,1382,4069,7433,5
WPR,Eastern Asia,China,CHN,NOTDEFINED,2018,7,2018-02-12T05:00:00.000Z,8358,7689,,1394,147,0,1,1542,71,829,22,922,2464,5225,5
WPR,Eastern Asia,China,CHN,NOTDEFINED,2018,8,2018-02-19T05:00:00.000Z,10070,9774,,1716,161,0,8,1885,63,931,22,1016,2901,6873,5
WPR,Eastern Asia,China,CHN,NOTDEFINED,2018,9,2018-02-26T05:00:00.000Z,10845,10443,,1163,113,0,1,1277,72,660,19,751,2028,8415,5
WPR,Eastern Asia,China,CHN,NOTDEFINED,2018,10,2018-03-05T05:00:00.000Z,11105,10966,,1215,115,0,13,1343,73,683,21,777,2120,8846,4
WPR,Eastern Asia,China,CHN,NOTDEFINED,2018,11,2018-03-12T04:00:00.000Z,11069,10692,,981,78,0,2,1061,47,494,9,550,1611,9081,4
WPR,Eastern Asia,China,CHN,NOTDEFINED,2018,12,2018-03-19T04:00:00.000Z,10932,10453,,710,57,0,0,767,36,333,4,373,1140,9313,4
WPR,Eastern Asia,China,CHN,NOTDEFINED,2018,13,2018-03-26T04:00:00.000Z,10431,10122,,499,44,0,3,546,23,218,0,241,787,9335,4
WPR,Eastern Asia,China,CHN,NOTDEFINED,2018,14,2018-04-02T04:00:00.000Z,6961,6556,,310,24,0,1,335,13,95,6,114,449,6107,3
WPR,Eastern Asia,China,CHN,NOTDEFINED,2018,15,2018-04-09T04:00:00.000Z,7227,6968,,218,5,0,1,224,17,90,8,115,339,6629,3
WPR,Eastern Asia,China,CHN,NOTDEFINED,2018,16,2018-04-16T04:00:00.000Z,7233,7185,,180,10,0,1,191,18,62,9,89,280,6905,3
WPR,Eastern Asia,China,CHN,NOTDEFINED,2018,17,2018-04-23T04:00:00.000Z,6757,6636,,141,8,0,0,149,11,35,3,49,198,6438,3
WPR,Eastern Asia,China,CHN,NOTDEFINED,2018,18,2018-04-30T04:00:00.000Z,6424,6057,,108,8,0,0,116,21,16,1,38,154,5903,3
WPR,Eastern Asia,China,CHN,NOTDEFINED,2018,19,2018-05-07T04:00:00.000Z,6842,6503,,87,7,0,0,94,9,19,4,32,126,6377,3
WPR,Eastern Asia,China,CHN,NOTDEFINED,2018,20,2018-05-14T04:00:00.000Z,7002,6865,,84,2,0,1,87,11,13,12,36,123,6742,3
WPR,Eastern Asia,China,CHN,NOTDEFINED,2018,21,2018-05-21T04:00:00.000Z,6823,6362,,69,3,0,1,73,11,7,5,23,96,6266,3
WPR,Eastern Asia,China,CHN,NOTDEFINED,2018,22,2018-05-28T04:00:00.000Z,6438,6077,,62,5,0,0,67,10,27,0,37,104,5973,3
WPR,Eastern Asia,China,CHN,NOTDEFINED,2018,23,2018-06-04T04:00:00.000Z,6724,6424,,49,1,0,0,51,3,8,0,11,62,6362,3
WPR,Eastern Asia,China,CHN,NOTDEFINED,2018,24,2018-06-11T04:00:00.000Z,6326,6018,,67,3,0,0,70,0,7,4,11,81,5937,3
WPR,Eastern Asia,China,CHN,NOTDEFINED,2018,25,2018-06-18T04:00:00.000Z,6513,6212,,70,6,0,1,77,7,23,0,30,107,6105,3
WPR,Eastern Asia,China,CHN,NOTDEFINED,2018,26,2018-06-25T04:00:00.000Z,6650,6211,,49,1,0,0,50,2,6,0,8,58,6153,3
WPR,Eastern Asia,China,CHN,NOTDEFINED,2018,27,2018-07-02T04:00:00.000Z,6698,6599,,57,4,0,0,61,8,16,4,28,89,6510,3
WPR,Eastern Asia,China,CHN,NOTDEFINED,2018,28,2018-07-09T04:00:00.000Z,6550,6252,,54,1,0,0,55,3,6,2,11,66,6186,3
WPR,Eastern Asia,China,CHN,NOTDEFINED,2018,29,2018-07-16T04:00:00.000Z,6540,6257,,43,2,0,0,45,2,6,0,8,53,6204,3
WPR,Eastern Asia,China,CHN,NOTDEFINED,2018,30,2018-07-23T04:00:00.000Z,6163,5946,,65,1,0,0,66,3,1,0,4,70,5876,3
WPR,Eastern Asia,China,CHN,NOTDEFINED,2018,31,2018-07-30T04:00:00.000Z,6100,5723,,45,0,0,0,45,3,2,0,5,50,5673,3
WPR,Eastern Asia,China,CHN,NOTDEFINED,2018,32,2018-08-06T04:00:00.000Z,6494,6137,,37,1,0,0,38,1,2,1,4,42,6095,3
WPR,Eastern Asia,China,CHN,NOTDEFINED,2018,33,2018-08-13T04:00:00.000Z,6362,6050,,43,3,0,0,46,0,3,0,3,49,6001,3
WPR,Eastern Asia,China,CHN,NOTDEFINED,2018,34,2018-08-20T04:00:00.000Z,6320,6038,,45,0,0,0,45,2,1,0,3,48,5990,3
WPR,Eastern Asia,China,CHN,NOTDEFINED,2018,35,2018-08-27T04:00:00.000Z,6116,5881,,54,0,0,0,54,3,0,0,3,57,5824,3
WPR,Eastern Asia,China,CHN,NOTDEFINED,2018,36,2018-09-03T04:00:00.000Z,6319,5725,,51,1,0,0,52,2,2,0,4,56,5669,3
WPR,Eastern Asia,China,CHN,NOTDEFINED,2018,37,2018-09-10T04:00:00.000Z,6320,6007,,50,11,0,0,61,0,2,0,2,63,5944,3
WPR,Eastern Asia,China,CHN,NOTDEFINED,2018,38,2018-09-17T04:00:00.000Z,6458,6311,,58,7,0,0,65,0,3,1,4,69,6242,3
WPR,Eastern Asia,China,CHN,NOTDEFINED,2018,39,2018-09-24T04:00:00.000Z,6538,6230,,50,5,0,0,55,2,2,1,5,60,6170,3
WPR,Eastern Asia,China,CHN,NOTDEFINED,2018,40,2018-10-01T04:00:00.000Z,7765,7668,,33,3,0,0,36,3,3,0,6,42,7626,3
WPR,Eastern Asia,China,CHN,NOTDEFINED,2018,41,2018-10-08T04:00:00.000Z,9815,9587,,54,9,0,0,63,3,2,0,5,68,9519,3
WPR,Eastern Asia,China,CHN,NOTDEFINED,2018,42,2018-10-15T04:00:00.000Z,10541,10432,,75,13,0,0,88,0,2,2,4,92,10340,3
WPR,Eastern Asia,China,CHN,NOTDEFINED,2018,43,2018-10-22T04:00:00.000Z,10430,9998,,116,7,0,0,123,4,5,0,9,132,9866,3
WPR,Eastern Asia,China,CHN,NOTDEFINED,2018,44,2018-10-29T04:00:00.000Z,10457,10268,,153,17,0,1,171,2,9,0,11,182,10086,3
WPR,Eastern Asia,China,CHN,NOTDEFINED,2018,45,2018-11-05T05:00:00.000Z,10665,10246,,195,27,0,0,222,7,2,1,10,232,10014,3
WPR,Eastern Asia,China,CHN,NOTDEFINED,2018,46,2018-11-12T05:00:00.000Z,11098,10781,,264,30,0,4,298,3,7,0,10,308,10473,3
WPR,Eastern Asia,China,CHN,NOTDEFINED,2018,47,2018-11-19T05:00:00.000Z,11128,10703,,451,31,0,0,482,4,2,5,11,493,10210,3
WPR,Eastern Asia,China,CHN,NOTDEFINED,2018,48,2018-11-26T05:00:00.000Z,11856,11439,,713,46,0,1,760,7,8,5,20,780,10659,3
WPR,Eastern Asia,China,CHN,NOTDEFINED,2018,49,2018-12-03T05:00:00.000Z,11597,11181,,819,61,0,2,882,3,2,0,5,887,10294,3
WPR,Eastern Asia,China,CHN,NOTDEFINED,2018,50,2018-12-10T05:00:00.000Z,11988,11442,,1162,110,0,2,1274,15,8,0,23,1297,10145,3
WPR,Eastern Asia,China,CHN,NOTDEFINED,2018,51,2018-12-17T05:00:00.000Z,12553,12207,,1953,205,0,2,2160,18,1,1,20,2180,10027,4
WPR,Eastern Asia,China,CHN,NOTDEFINED,2018,52,2018-12-24T05:00:00.000Z,12860,11993,,2455,308,0,2,2765,16,2,0,18,2783,9210,4
WPR,Eastern Asia,China,CHN,NOTDEFINED,2019,1,2018-12-31T05:00:00.000Z,12685,12077,,3135,464,,1,3600,26,6,0,32,3632,,4
WPR,Eastern Asia,China,CHN,NOTDEFINED,2019,2,2019-01-07T05:00:00.000Z,14192,13802,,4553,685,0,7,5245,44,5,2,51,5296,8506,4
WPR,Eastern Asia,China,CHN,NOTDEFINED,2019,3,2019-01-14T05:00:00.000Z,14564,14102,,5145,896,0,17,6058,58,2,0,60,6118,7984,4
WPR,Eastern Asia,China,CHN,NOTDEFINED,2019,4,2019-01-21T05:00:00.000Z,14404,13901,,4805,904,0,20,5729,74,1,5,80,5809,8092,4
WPR,Eastern Asia,China,CHN,NOTDEFINED,2019,5,2019-01-28T05:00:00.000Z,12333,11780,,3934,858,0,29,4821,71,2,7,80,4901,6879,4
WPR,Eastern Asia,China,CHN,NOTDEFINED,2019,6,2019-02-04T05:00:00.000Z,8849,8497,,2229,677,0,1,2907,80,8,1,89,2996,5501,4
WPR,Eastern Asia,China,CHN,NOTDEFINED,2019,7,2019-02-11T05:00:00.000Z,12111,11876,,2817,874,0,0,3691,146,10,2,158,3849,8027,4
WPR,Eastern Asia,China,CHN,NOTDEFINED,2019,8,2019-02-18T05:00:00.000Z,11666,11155,,2279,839,0,0,3118,181,11,1,193,3311,7844,4
WPR,Eastern Asia,China,CHN,NOTDEFINED,2019,9,2019-02-25T05:00:00.000Z,11924,11602,,2061,1125,0,5,3191,361,18,7,386,3577,8025,4
WPR,Eastern Asia,China,CHN,NOTDEFINED,2019,10,2019-03-04T05:00:00.000Z,11995,11582,,1562,1329,0,0,2891,765,8,10,783,3674,7908,4
WPR,Eastern Asia,China,CHN,NOTDEFINED,2019,11,2019-03-11T04:00:00.000Z,12076,11751,,1149,1293,0,1,2443,1272,35,5,1312,3755,7996,4
WPR,Eastern Asia,China,CHN,NOTDEFINED,2019,12,2019-03-18T04:00:00.000Z,11812,11491,,693,1072,0,2,1767,1730,32,3,1765,3532,7959,4
WPR,Eastern Asia,China,CHN,NOTDEFINED,2019,13,2019-03-25T04:00:00.000Z,11588,11282,,408,955,0,8,1371,2069,40,50,2159,3530,7752,4
WPR,Eastern Asia,China,CHN,NOTDEFINED,2019,14,2019-04-01T04:00:00.000Z,6196,5125,,167,394,0,1,562,1043,8,23,1074,1636,3489,4
WPR,Eastern Asia,China,CHN,NOTDEFINED,2019,15,2019-04-08T04:00:00.000Z,8196,8133,,170,430,0,0,600,1758,24,14,1796,2396,5737,4
WPR,Eastern Asia,China,CHN,NOTDEFINED,2019,16,2019-04-15T04:00:00.000Z,7769,7643,,118,343,0,0,461,1670,15,18,1703,2164,5479,4
WPR,Eastern Asia,China,CHN,NOTDEFINED,2019,17,2019-04-22T04:00:00.000Z,7550,7186,,59,264,0,2,325,1468,16,15,1499,1824,5362,4
WPR,Eastern Asia,China,CHN,NOTDEFINED,2019,18,2019-04-29T04:00:00.000Z,6226,5972,,49,168,0,0,217,1037,6,10,1053,1270,4702,4
WPR,Eastern Asia,China,CHN,NOTDEFINED,2019,19,2019-05-06T04:00:00.000Z,7310,6958,,33,147,0,0,180,1160,11,16,1187,1367,5591,4
WPR,Eastern Asia,China,CHN,NOTDEFINED,2019,20,2019-05-13T04:00:00.000Z,7343,7322,,37,162,0,0,199,1194,13,11,1218,1417,5905,4
WPR,Eastern Asia,China,CHN,NOTDEFINED,2019,21,2019-05-20T04:00:00.000Z,7028,6987,,50,131,0,0,181,1077,7,9,1093,1274,5713,4
WPR,Eastern Asia,China,CHN,NOTDEFINED,2019,22,2019-05-27T04:00:00.000Z,6867,6657,,23,89,0,0,112,874,9,16,899,1011,5646,4
WPR,Eastern Asia,China,CHN,NOTDEFINED,2019,23,2019-06-03T04:00:00.000Z,6481,6149,,22,97,0,0,119,747,2,13,762,881,5268,3
WPR,Eastern Asia,China,CHN,NOTDEFINED,2019,24,2019-06-10T04:00:00.000Z,5146,4306,,3,50,0,0,53,379,0,6,385,438,3868,3
WPR,Eastern Asia,China,CHN,NOTDEFINED,2019,25,2019-06-17T04:00:00.000Z,7794,6721,,21,93,0,0,114,571,6,8,585,699,6022,3
WPR,Eastern Asia,China,CHN,NOTDEFINED,2019,26,2019-06-24T04:00:00.000Z,7477,6665,,22,121,0,0,143,489,7,7,503,646,6019,3
WPR,Eastern Asia,China,CHN,NOTDEFINED,2019,27,2019-07-01T04:00:00.000Z,7275,6619,,13,122,0,0,135,415,7,15,437,572,6047,3
WPR,Eastern Asia,China,CHN,NOTDEFINED,2019,28,2019-07-08T04:00:00.000Z,7077,6417,,13,130,0,0,143,376,7,5,388,531,5886,3
WPR,Eastern Asia,China,CHN,NOTDEFINED,2019,29,2019-07-15T04:00:00.000Z,7133,6425,,15,150,0,0,165,335,2,6,343,508,5917,3
WPR,Eastern Asia,China,CHN,NOTDEFINED,2019,30,2019-07-22T04:00:00.000Z,7005,6378,,13,172,0,0,185,321,1,4,326,511,5867,3
WPR,Eastern Asia,China,CHN,NOTDEFINED,2019,31,2019-07-29T04:00:00.000Z,6806,6230,,22,185,0,0,207,262,3,7,272,479,5751,3
WPR,Eastern Asia,China,CHN,NOTDEFINED,2019,32,2019-08-05T04:00:00.000Z,6955,6188,,11,206,0,0,217,241,0,3,244,461,5727,3
WPR,Eastern Asia,China,CHN,NOTDEFINED,2019,33,2019-08-12T04:00:00.000Z,6787,6068,,12,183,0,0,198,194,2,2,198,396,5672,3
WPR,Eastern Asia,China,CHN,NOTDEFINED,2019,34,2019-08-19T04:00:00.000Z,5553,4393,,7,97,0,0,104,111,1,1,113,217,4176,3
WPR,Eastern Asia,China,CHN,NOTDEFINED,2019,35,2019-08-26T04:00:00.000Z,6712,6080,,21,148,0,0,172,124,0,1,125,297,5783,3
WPR,Eastern Asia,China,CHN,NOTDEFINED,2019,36,2019-09-02T04:00:00.000Z,6133,4840,,25,130,0,0,155,80,0,1,81,236,4604,3
WPR,Eastern Asia,China,CHN,NOTDEFINED,2019,40,2019-09-30T04:00:00.000Z,8205,7609,,10,83,,,109,66,,,66,175,,1
WPR,Eastern Asia,China,CHN,NOTDEFINED,2019,41,2019-10-07T04:00:00.000Z,,10490,,26,148,,,174,67,,6,73,247,,3
WPR,Eastern Asia,China,CHN,NOTDEFINED,2019,42,2019-10-14T04:00:00.000Z,11172,9989,,14,210,,,224,65,3,,68,292,,3
WPR,Eastern Asia,China,CHN,NOTDEFINED,2019,43,2019-10-21T04:00:00.000Z,11632,10523,,18,242,,,260,92,2,5,99,359,,3
WPR,Eastern Asia,China,CHN,NOTDEFINED,2019,44,2019-10-28T04:00:00.000Z,11696,10568,,13,378,,,391,80,,2,82,473,,3
WPR,Eastern Asia,China,CHN,NOTDEFINED,2019,45,2019-11-04T05:00:00.000Z,12120,10747,,17,457,,,474,126,2,6,134,608,,3
WPR,Eastern Asia,China,CHN,NOTDEFINED,2019,46,2019-11-11T05:00:00.000Z,12213,10946,,25,579,,,604,140,3,1,144,748,,3
WPR,Eastern Asia,China,CHN,NOTDEFINED,2019,47,2019-11-18T05:00:00.000Z,13418,11289,,23,904,,,927,249,2,1,252,1179,,3
WPR,Eastern Asia,China,CHN,NOTDEFINED,2019,48,2019-11-25T05:00:00.000Z,11673,8601,,26,818,,,844,224,5,1,230,1074,,3
WPR,Eastern Asia,China,CHN,NOTDEFINED,2019,49,2019-12-02T05:00:00.000Z,16233,11961,,54,2000,,,2054,544,1,3,548,2602,,3
WPR,Eastern Asia,China,CHN,NOTDEFINED,2019,50,2019-12-09T05:00:00.000Z,19582,13074,,92,3175,,,3268,842,3,26,871,4139,,3
WPR,Eastern Asia,China,CHN,NOTDEFINED,2019,51,2019-12-16T05:00:00.000Z,,13361,,211,3930,,,4143,1198,3,22,1223,5366,,3
WPR,Eastern Asia,China,CHN,NOTDEFINED,2019,52,2019-12-23T05:00:00.000Z,21204,13446,,248,4404,,,4652,1395,1,21,1417,6069,,3
WPR,Eastern Asia,China,CHN,NOTDEFINED,2020,1,2019-12-30T05:00:00.000Z,17067,13341,,297,4334,,,4631,1576,1,4,1581,6212,,3
WPR,Eastern Asia,China,CHN,NOTDEFINED,2020,2,2020-01-06T05:00:00.000Z,15591,13351,,400,3774,,,4174,1703,8,9,1720,5894,,3
WPR,Eastern Asia,China,CHN,NOTDEFINED,2020,3,2020-01-13T05:00:00.000Z,14177,12982,,516,2752,,,3269,1716,8,23,1747,5016,,3
WPR,Eastern Asia,China,CHN,NOTDEFINED,2020,4,2020-01-20T05:00:00.000Z,12642,11680,,660,1783,,,2444,1464,10,29,1503,3947,,3
WPR,Eastern Asia,China,CHN,NOTDEFINED,2020,5,2020-01-27T05:00:00.000Z,9225,8465,,414,779,,,1193,914,15,16,945,2138,,3
WPR,Eastern Asia,China,CHN,NOTDEFINED,2020,6,2020-02-03T05:00:00.000Z,8602,7847,,160,322,,,483,445,2,7,454,937,,3
WPR,Eastern Asia,China,CHN,NOTDEFINED,2020,7,2020-02-10T05:00:00.000Z,,6416,,69,146,,,215,131,0,4,135,350,,3
WPR,Eastern Asia,China,CHN,NOTDEFINED,2020,8,2020-02-17T05:00:00.000Z,,7063,,51,86,,,137,51,3,2,56,193,,3
WPR,Eastern Asia,China,CHN,NOTDEFINED,2020,9,2020-02-24T05:00:00.000Z,,6145,,37,70,,,107,23,1,1,25,132,,3
WPR,Eastern Asia,China,CHN,NOTDEFINED,2020,10,2020-03-02T05:00:00.000Z,,8081,,35,31,,,67,27,2,,29,96,,3
WPR,Eastern Asia,China,CHN,NOTDEFINED,2020,11,2020-03-09T04:00:00.000Z,,8654,,40,34,,,74,35,1,,36,110,,3
WPR,Eastern Asia,China,CHN,NOTDEFINED,2020,12,2020-03-16T04:00:00.000Z,9546,9414,,36,36,,1,73,35,,,35,108,,3
WPR,Eastern Asia,China,CHN,NOTDEFINED,2020,13,2020-03-23T04:00:00.000Z,9536,9174,,22,25,,,47,19,,,19,66,,3
WPR,Eastern Asia,China,CHN,NOTDEFINED,2020,14,2020-03-30T04:00:00.000Z,6362,5632,,7,8,,,15,8,1,,9,24,,3
WPR,Eastern Asia,China,CHN,NOTDEFINED,2020,15,2020-04-06T04:00:00.000Z,7167,6113,,7,10,,,17,3,1,1,5,22,,3
WPR,Eastern Asia,China,CHN,NOTDEFINED,2020,16,2020-04-13T04:00:00.000Z,7013,4508,,2,4,,,6,1,,,1,7,,3
WPR,Eastern Asia,China,CHN,NOTDEFINED,2020,17,2020-04-20T04:00:00.000Z,6993,6208,,,3,,1,4,2,1,1,4,8,,3
WPR,Eastern Asia,China,CHN,NOTDEFINED,2020,18,2020-04-27T04:00:00.000Z,6258,5284,,0,0,,,0,0,0,,0,0,,3
WPR,Eastern Asia,China,CHN,NOTDEFINED,2020,19,2020-05-04T04:00:00.000Z,7027,6295,,2,3,,,5,1,1,,2,7,,3
WPR,Eastern Asia,China,CHN,NOTDEFINED,2020,20,2020-05-11T04:00:00.000Z,7517,6219,,1,2,,,3,4,,,4,7,,3
WPR,Eastern Asia,China,CHN,NOTDEFINED,2020,21,2020-05-18T04:00:00.000Z,6574,5028,,,,,,,,,,,,,3
WPR,Eastern Asia,China,CHN,NOTDEFINED,2020,22,2020-05-25T04:00:00.000Z,,4889,,,,,,,,,,,,,3
WPR,Eastern Asia,China,CHN,NOTDEFINED,2020,23,2020-06-01T04:00:00.000Z,,6219,,,,,,,,,,,,,3
WPR,Eastern Asia,China,CHN,NOTDEFINED,2020,24,2020-06-08T04:00:00.000Z,,5544,,3,6,,,9,7,,,7,16,,3
WPR,Eastern Asia,China,CHN,NOTDEFINED,2020,25,2020-06-15T04:00:00.000Z,7182,6247,,3,,,,3,1,,,1,4,,3
WPR,Eastern Asia,China,CHN,NOTDEFINED,2020,26,2020-06-22T04:00:00.000Z,6681,5813,,,,,,,,,,,,,3
WPR,Eastern Asia,China,CHN,NOTDEFINED,2020,27,2020-06-29T04:00:00.000Z,6603,5870,,,,,,,,,,,,,3
WPR,Eastern Asia,China,CHN,NOTDEFINED,2020,28,2020-07-06T04:00:00.000Z,7145,6277,,1,,,,1,,,,,1,,3
WPR,Eastern Asia,China,CHN,NOTDEFINED,2020,29,2020-07-13T04:00:00.000Z,6973,6122,,4,,,,4,,,,,4,,3
WPR,Eastern Asia,China,CHN,NOTDEFINED,2020,30,2020-07-20T04:00:00.000Z,6771,5946,,1,7,,,8,,,,,8,,3
WPR,Eastern Asia,China,CHN,NOTDEFINED,2020,31,2020-07-27T04:00:00.000Z,6752,6121,,1,2,,,3,1,,,1,4,,3
WPR,Eastern Asia,China,CHN,NOTDEFINED,2020,32,2020-08-03T04:00:00.000Z,6991,6847,,,,,,,,,,,,,3
WPR,Eastern Asia,China,CHN,NOTDEFINED,2020,33,2020-08-10T04:00:00.000Z,6935,6800,,,,,,,2,,,2,2,,3
WPR,Eastern Asia,China,CHN,NOTDEFINED,2020,34,2020-08-17T04:00:00.000Z,7181,7025,,,1,,,1,1,,,1,2,,3
WPR,Eastern Asia,China,CHN,NOTDEFINED,2020,35,2020-08-24T04:00:00.000Z,6893,6615,,,,,,,1,,,1,1,,3
WPR,Eastern Asia,China,CHN,NOTDEFINED,2020,36,2020-08-31T04:00:00.000Z,7038,6246,,,,,,,2,1,,3,3,,3
WPR,Eastern Asia,China,CHN,NOTDEFINED,2020,37,2020-09-07T04:00:00.000Z,6605,5151,,,,,,,3,,,3,3,,3
WPR,Eastern Asia,China,CHN,NOTDEFINED,2020,38,2020-09-14T04:00:00.000Z,7166,6098,,,,,,,2,,,2,2,,3
WPR,Eastern Asia,China,CHN,NOTDEFINED,2020,39,2020-09-21T04:00:00.000Z,6728,5120,,,,,,,1,,,1,1,,3
WPR,Eastern Asia,China,CHN,NOTDEFINED,2020,40,2020-09-28T04:00:00.000Z,8654,7668,,1,,,1,2,3,,,3,5,,3
WPR,Eastern Asia,China,CHN,NOTDEFINED,2020,41,2020-10-05T04:00:00.000Z,8549,7172,,,,,,,2,,,2,2,,3
WPR,Eastern Asia,China,CHN,NOTDEFINED,2020,42,2020-10-12T04:00:00.000Z,10408,8403,,1,3,,,4,,,,,4,,3
WPR,Eastern Asia,China,CHN,NOTDEFINED,2020,43,2020-10-19T04:00:00.000Z,10442,8671,,,,,1,1,4,,,4,5,,3
WPR,Eastern Asia,China,CHN,NOTDEFINED,2020,44,2020-10-26T04:00:00.000Z,10642,8588,,1,,,,1,4,1,,5,6,,4
WPR,Eastern Asia,China,CHN,NOTDEFINED,2020,45,2020-11-02T05:00:00.000Z,11201,9055,,,,,,,2,,,2,2,,3
WPR,Eastern Asia,China,CHN,NOTDEFINED,2020,46,2020-11-09T05:00:00.000Z,11445,9725,,,1,,1,2,2,,,2,4,,3
WPR,Eastern Asia,China,CHN,NOTDEFINED,2020,47,2020-11-16T05:00:00.000Z,11146,9317,,,2,,1,3,9,,,9,12,,4
WPR,Eastern Asia,China,CHN,NOTDEFINED,2020,48,2020-11-23T05:00:00.000Z,11445,9725,,,1,,1,2,2,,,2,4,,3
WPR,Eastern Asia,China,CHN,NOTDEFINED,2020,49,2020-11-30T05:00:00.000Z,11777,10415,,1,,,2,3,18,,,18,21,,4
WPR,Eastern Asia,China,CHN,NOTDEFINED,2020,50,2020-12-07T05:00:00.000Z,11449,9887,,,2,,1,3,24,,,24,27,,4
WPR,Eastern Asia,China,CHN,NOTDEFINED,2020,51,2020-12-14T05:00:00.000Z,11904,10468,,,,,,,35,1,,36,36,,4
WPR,Eastern Asia,China,CHN,NOTDEFINED,2020,52,2020-12-21T05:00:00.000Z,11827,10077,,,,,,,62,,,62,62,,4
WPR,Eastern Asia,China,CHN,NOTDEFINED,2020,53,2020-12-28T05:00:00.000Z,11439,9993,,,,,1,1,56,,,56,57,,4
WPR,Eastern Asia,China,CHN,NOTDEFINED,2021,1,2021-01-04T05:00:00.000Z,11955,10672,,2,,,,2,121,1,,122,124,,4
WPR,Eastern Asia,China,CHN,NOTDEFINED,2021,2,2021-01-11T05:00:00.000Z,11637,10235,,1,,,,1,122,,,122,123,,4
WPR,Eastern Asia,China,CHN,NOTDEFINED,2021,3,2021-01-18T05:00:00.000Z,10767,9417,,1,,,,1,158,1,,159,160,,4
WPR,Eastern Asia,China,CHN,NOTDEFINED,2021,4,2021-01-25T05:00:00.000Z,11220,10032,,,,,1,1,148,,3,151,152,,4
WPR,Eastern Asia,China,CHN,NOTDEFINED,2021,5,2021-02-01T05:00:00.000Z,11775,10578,,,,,,,125,1,,126,126,,4
WPR,Eastern Asia,China,CHN,NOTDEFINED,2021,6,2021-02-08T05:00:00.000Z,9525,8606,,1,,,,1,55,,,55,56,,4
WPR,Eastern Asia,China,CHN,NOTDEFINED,2021,7,2021-02-15T05:00:00.000Z,10090,9021,,,,,,,56,,,56,56,,4
WPR,Eastern Asia,China,CHN,NOTDEFINED,2021,8,2021-02-22T05:00:00.000Z,11303,10456,,2,,,,2,68,,,68,70,,4
WPR,Eastern Asia,China,CHN,NOTDEFINED,2021,9,2021-03-01T05:00:00.000Z,11681,10458,,,,,,,81,,6,87,87,,4
WPR,Eastern Asia,China,CHN,NOTDEFINED,2021,10,2021-03-08T05:00:00.000Z,12119,10862,,,,,,,101,,1,102,102,,4
WPR,Eastern Asia,China,CHN,NOTDEFINED,2021,11,2021-03-15T04:00:00.000Z,13036,11887,,1,,,,1,204,,2,206,207,,4
WPR,Eastern Asia,China,CHN,NOTDEFINED,2021,12,2021-03-22T04:00:00.000Z,12151,10828,,1,,,,1,192,5,5,202,203,,4
WPR,Eastern Asia,China,CHN,NOTDEFINED,2021,13,2021-03-29T04:00:00.000Z,13258,12904,,1,1,,,2,214,,2,216,218,,4
WPR,Eastern Asia,China,CHN,NOTDEFINED,2021,14,2021-04-05T04:00:00.000Z,11368,11072,,,,,,,221,1,,222,222,,4
WPR,Eastern Asia,China,CHN,NOTDEFINED,2021,15,2021-04-12T04:00:00.000Z,9611,8670,,,,,,,248,,4,252,252,,4
WPR,Eastern Asia,China,CHN,NOTDEFINED,2021,16,2021-04-19T04:00:00.000Z,11806,11728,,,,,,,315,,5,320,320,,4
WPR,Eastern Asia,China,CHN,NOTDEFINED,2021,17,2021-04-26T04:00:00.000Z,10597,10448,,1,,,,1,344,,2,346,347,,4
WPR,Eastern Asia,China,CHN,NOTDEFINED,2021,18,2021-05-03T04:00:00.000Z,10600,10422,,1,,,,1,292,7,11,310,311,,4
WPR,Eastern Asia,China,CHN,NOTDEFINED,2021,19,2021-05-10T04:00:00.000Z,10827,10487,,,,,,,291,,4,295,295,,4
WPR,Eastern Asia,China,CHN,NOTDEFINED,2021,20,2021-05-17T04:00:00.000Z,9686,8595,,,,,,,341,4,4,349,349,,4
WPR,Eastern Asia,China,CHN,NOTDEFINED,2021,21,2021-05-24T04:00:00.000Z,10804,9989,,,,,,,435,,6,441,441,,4
WPR,Eastern Asia,China,CHN,NOTDEFINED,2021,22,2021-05-31T04:00:00.000Z,9720,8531,,1,,,,1,382,2,8,392,393,,4
WPR,Eastern Asia,China,CHN,NOTDEFINED,2021,23,2021-06-07T04:00:00.000Z,8608,7602,,,,,2,2,349,,3,352,354,,4
WPR,Eastern Asia,China,CHN,NOTDEFINED,2021,24,2021-06-14T04:00:00.000Z,8710,7613,,,,,,,274,,3,277,277,,4
WPR,Eastern Asia,China,CHN,NOTDEFINED,2021,25,2021-06-21T04:00:00.000Z,8765,7469,,,,,,,227,,2,229,229,,4
WPR,Eastern Asia,China,CHN,NOTDEFINED,2021,26,2021-06-28T04:00:00.000Z,8027,7149,,,,,,,169,2,,171,171,,4
WPR,Eastern Asia,China,CHN,NOTDEFINED,2021,27,2021-07-05T04:00:00.000Z,8215,7069,,,,3,,3,173,,13,186,189,,4
WPR,Eastern Asia,China,CHN,NOTDEFINED,2021,28,2021-07-12T04:00:00.000Z,8295,7320,,,,1,,1,230,,2,232,233,,4
WPR,Eastern Asia,China,CHN,NOTDEFINED,2021,29,2021-07-19T04:00:00.000Z,8583,7253,,,,1,,1,191,,,191,192,,4
WPR,Eastern Asia,China,CHN,NOTDEFINED,2021,30,2021-07-26T04:00:00.000Z,8099,7032,,,,,,,252,2,4,258,258,,4
WPR,Eastern Asia,China,CHN,NOTDEFINED,2021,31,2021-08-02T04:00:00.000Z,7787,6735,,,,,,,199,,,199,199,,4
WPR,Eastern Asia,China,CHN,NOTDEFINED,2021,32,2021-08-09T04:00:00.000Z,7898,7041,,2,,2,,4,195,,,195,199,,4
WPR,Eastern Asia,China,CHN,NOTDEFINED,2021,33,2021-08-16T04:00:00.000Z,8152,7054,,,,,,,205,,,205,205,,4
WPR,Eastern Asia,China,CHN,NOTDEFINED,2021,34,2021-08-23T04:00:00.000Z,7891,6918,,,,,,,249,2,,251,251,,4
WPR,Eastern Asia,China,CHN,NOTDEFINED,2021,35,2021-08-30T04:00:00.000Z,8257,7281,,,,,,,300,2,,302,302,,4
WPR,Eastern Asia,China,CHN,NOTDEFINED,2021,36,2021-09-06T04:00:00.000Z,8849,7640,,,,,,,414,,,414,414,,4
WPR,Eastern Asia,China,CHN,NOTDEFINED,2021,37,2021-09-13T04:00:00.000Z,8716,7968,,,,,,,449,,,449,449,,4
WPR,Eastern Asia,China,CHN,NOTDEFINED,2021,38,2021-09-20T04:00:00.000Z,8210,7161,,,,,,,381,,6,387,387,,4
WPR,Eastern Asia,China,CHN,NOTDEFINED,2021,39,2021-09-27T04:00:00.000Z,8881,7957,,,,,,,396,2,12,410,410,,4
WPR,Eastern Asia,China,CHN,NOTDEFINED,2021,40,2021-10-04T04:00:00.000Z,10161,8754,,,,,,,377,,3,380,380,,4
WPR,Eastern Asia,China,CHN,NOTDEFINED,2021,41,2021-10-11T04:00:00.000Z,11285,9811,,,2,,,2,396,,5,401,403,,4
WPR,Eastern Asia,China,CHN,NOTDEFINED,2021,42,2021-10-18T04:00:00.000Z,11386,9941,,,,,,,461,,2,463,463,,4
WPR,Eastern Asia,China,CHN,NOTDEFINED,2021,43,2021-10-25T04:00:00.000Z,11892,10054,,,1,,,1,618,,7,625,626,,4
WPR,Eastern Asia,China,CHN,NOTDEFINED,2021,44,2021-11-01T04:00:00.000Z,11676,10218,,,,,,,683,,3,686,686,,4
WPR,Eastern Asia,China,CHN,NOTDEFINED,2021,45,2021-11-08T05:00:00.000Z,11688,10290,,,,,,,808,,9,817,817,,4
WPR,Eastern Asia,China,CHN,NOTDEFINED,2021,46,2021-11-15T05:00:00.000Z,13334,11814,,,1,,,1,1101,,10,1111,1112,,4
WPR,Eastern Asia,China,CHN,NOTDEFINED,2021,47,2021-11-22T05:00:00.000Z,13299,11847,,,,,,,1149,,6,1155,1155,,4
WPR,Eastern Asia,China,CHN,NOTDEFINED,2021,48,2021-11-29T05:00:00.000Z,13493,11769,,,,,,,1515,,2,1517,1517,,4
WPR,Eastern Asia,China,CHN,NOTDEFINED,2021,49,2021-12-06T05:00:00.000Z,15570,13932,,,4,,,4,2038,,12,2050,2054,,4
WPR,Eastern Asia,China,CHN,NOTDEFINED,2021,50,2021-12-13T05:00:00.000Z,13777,12225,,,1,,,1,2317,,18,2335,2336,,4
WPR,Eastern Asia,China,CHN,NOTDEFINED,2021,51,2021-12-20T05:00:00.000Z,13799,11976,,,,,,,2389,,9,2398,2398,,4
WPR,Eastern Asia,China,CHN,NOTDEFINED,2021,52,2021-12-27T05:00:00.000Z,12540,11425,,,,,,,2812,,8,2820,2820,,4
WPR,Eastern Asia,China,CHN,NOTDEFINED,2022,1,2022-01-03T05:00:00.000Z,13476,12186,,,2,,,2,3126,,31,3157,3159,,4
WPR,Eastern Asia,China,CHN,NOTDEFINED,2022,2,2022-01-10T05:00:00.000Z,13255,11648,,,1,,,1,3197,,11,3208,3209,,4
WPR,Eastern Asia,China,CHN,NOTDEFINED,2022,3,2022-01-17T05:00:00.000Z,12145,10886,,,7,,,7,2936,,2,2938,2945,,4
WPR,Eastern Asia,China,CHN,NOTDEFINED,2022,4,2022-01-24T05:00:00.000Z,12157,11773,,,7,,,7,2594,,5,2599,2606,,4
WPR,Eastern Asia,China,CHN,NOTDEFINED,2022,5,2022-01-31T05:00:00.000Z,7434,5585,,,1,,,1,1087,,2,1089,1090,,4
WPR,Eastern Asia,China,CHN,NOTDEFINED,2022,6,2022-02-07T05:00:00.000Z,11453,10088,,,,,,,2000,,1,2001,2001,,4
WPR,Eastern Asia,China,CHN,NOTDEFINED,2022,7,2022-02-14T05:00:00.000Z,12011,10771,,,3,,,3,2063,,13,2076,2079,,4
WPR,Eastern Asia,China,CHN,NOTDEFINED,2022,8,2022-02-21T05:00:00.000Z,12452,10838,,,29,,,29,2067,,15,2082,2111,,4
WPR,Eastern Asia,China,CHN,NOTDEFINED,2022,9,2022-02-28T05:00:00.000Z,13128,11727,,,3,,,3,2276,,9,2285,2288,,4
WPR,Eastern Asia,China,CHN,NOTDEFINED,2022,10,2022-03-07T05:00:00.000Z,12035,10419,,,20,,,20,2032,,10,2042,2062,,4
WPR,Eastern Asia,China,CHN,NOTDEFINED,2022,11,2022-03-14T04:00:00.000Z,10998,9718,,,33,,,33,1399,,22,1421,1454,,4
WPR,Eastern Asia,China,CHN,NOTDEFINED,2022,12,2022-03-21T04:00:00.000Z,10593,9094,,,24,,,24,989,,15,1004,1028,,4
WPR,Eastern Asia,China,CHN,NOTDEFINED,2022,13,2022-03-28T04:00:00.000Z,10601,9875,,,64,,,64,710,,13,723,787,,4
WPR,Eastern Asia,China,CHN,NOTDEFINED,2022,14,2022-04-04T04:00:00.000Z,7900,6504,,,62,,,62,308,,,308,370,,4
WPR,Eastern Asia,China,CHN,NOTDEFINED,2022,15,2022-04-11T04:00:00.000Z,8283,7222,,1,68,,,69,229,,4,233,302,,4
WPR,Eastern Asia,China,CHN,NOTDEFINED,2022,16,2022-04-18T04:00:00.000Z,8415,7341,,,98,,,98,152,,,152,250,,4
WPR,Eastern Asia,China,CHN,NOTDEFINED,2022,17,2022-04-25T04:00:00.000Z,8111,6857,,,144,,,144,92,,,92,236,,4
WPR,Eastern Asia,China,CHN,NOTDEFINED,2022,18,2022-05-02T04:00:00.000Z,7376,6434,,,78,,,78,53,,,53,131,,4
WPR,Eastern Asia,China,CHN,NOTDEFINED,2022,19,2022-05-09T04:00:00.000Z,8228,7351,,,222,,,222,63,,,63,285,,4
WPR,Eastern Asia,China,CHN,NOTDEFINED,2022,20,2022-05-16T04:00:00.000Z,9407,8611,,,474,,,474,32,,,32,506,,4
WPR,Eastern Asia,China,CHN,NOTDEFINED,2022,21,2022-05-23T04:00:00.000Z,8825,7814,,,554,,,554,18,,,18,572,,4
WPR,Eastern Asia,China,CHN,NOTDEFINED,2022,22,2022-05-30T04:00:00.000Z,8176,7041,,,651,,,651,17,,,17,668,,4
WPR,Eastern Asia,China,CHN,NOTDEFINED,2022,23,2022-06-06T04:00:00.000Z,9262,8151,,,1055,,,1055,12,,,12,1067,,4
WPR,Eastern Asia,China,CHN,NOTDEFINED,2022,24,2022-06-13T04:00:00.000Z,10629,9362,,,1394,,,1394,14,,,14,1408,,4
WPR,Eastern Asia,China,CHN,NOTDEFINED,2022,25,2022-06-20T04:00:00.000Z,10459,9058,,,1756,,,1756,4,,,4,1760,,4
WPR,Eastern Asia,China,CHN,NOTDEFINED,2022,26,2022-06-27T04:00:00.000Z,9438,8177,,,1764,,,1764,1,,,1,1765,,4
WPR,Eastern Asia,China,CHN,NOTDEFINED,2022,27,2022-07-04T04:00:00.000Z,9532,8316,,,1901,,,1901,10,,,10,1911,,4
WPR,Eastern Asia,China,CHN,NOTDEFINED,2022,28,2022-07-11T04:00:00.000Z,8838,7645,,,1837,,,1837,8,,,8,1845,,4
WPR,Eastern Asia,China,CHN,NOTDEFINED,2022,29,2022-07-18T04:00:00.000Z,8717,7705,,,1584,,,1584,11,,,11,1595,,4
WPR,Eastern Asia,China,CHN,NOTDEFINED,2022,30,2022-07-25T04:00:00.000Z,8417,7559,,,1452,,,1452,14,,,14,1466,,4
WPR,Eastern Asia,China,CHN,NOTDEFINED,2022,31,2022-08-01T04:00:00.000Z,8586,7671,,,1393,,,1393,10,,,10,1403,,4
WPR,Eastern Asia,China,CHN,NOTDEFINED,2022,32,2022-08-08T04:00:00.000Z,8606,7620,,,1331,,,1331,10,,,10,1341,,4
WPR,Eastern Asia,China,CHN,NOTDEFINED,2022,33,2022-08-15T04:00:00.000Z,8609,7609,,,1130,,,1130,9,,,9,1139,,4
WPR,Eastern Asia,China,CHN,NOTDEFINED,2022,34,2022-08-22T04:00:00.000Z,8591,7820,,,973,,,973,5,,,5,978,,4
WPR,Eastern Asia,China,CHN,NOTDEFINED,2022,35,2022-08-29T04:00:00.000Z,9808,9780,,,727,,,727,9,,,9,736,,4
WPR,Eastern Asia,China,CHN,NOTDEFINED,2022,36,2022-09-05T04:00:00.000Z,10414,10381,,,658,,,658,14,,,14,672,,4
WPR,Eastern Asia,China,CHN,NOTDEFINED,2022,37,2022-09-12T04:00:00.000Z,10066,10000,,,677,,,677,5,,,5,682,,4
WPR,Eastern Asia,China,CHN,NOTDEFINED,2022,38,2022-09-19T04:00:00.000Z,10645,10527,,,561,,,561,1,,,1,562,,4
WPR,Eastern Asia,China,CHN,NOTDEFINED,2022,39,2022-09-26T04:00:00.000Z,10690,10566,,,682,,,682,3,,,3,685,,4
WPR,Eastern Asia,China,CHN,NOTDEFINED,2022,40,2022-10-03T04:00:00.000Z,11761,11625,,,601,,,601,1,,,1,602,,4
WPR,Eastern Asia,China,CHN,NOTDEFINED,2022,41,2022-10-10T04:00:00.000Z,12979,12739,,2,585,,,587,6,,,6,593,,4
WPR,Eastern Asia,China,CHN,NOTDEFINED,2022,42,2022-10-17T04:00:00.000Z,12758,12453,,,598,,,598,1,,,1,599,,4
WPR,Eastern Asia,China,CHN,NOTDEFINED,2022,43,2022-10-24T04:00:00.000Z,12826,12667,,2,575,,,577,,,,,577,,4
WPR,Eastern Asia,China,CHN,NOTDEFINED,2022,44,2022-10-31T04:00:00.000Z,12414,11934,,,457,,,457,20,,,20,477,,4
WPR,Eastern Asia,China,CHN,NOTDEFINED,2022,45,2022-11-07T05:00:00.000Z,11886,11315,,,458,,,458,,,,,458,,4
WPR,Eastern Asia,China,CHN,NOTDEFINED,2022,46,2022-11-14T05:00:00.000Z,10981,10412,,1,390,,,391,,,,,391,,4
WPR,Eastern Asia,China,CHN,NOTDEFINED,2022,47,2022-11-21T05:00:00.000Z,10086,9254,,,378,,,378,1,,,1,379,,4
WPR,Eastern Asia,China,CHN,NOTDEFINED,2022,48,2022-11-28T05:00:00.000Z,9324,8516,,,380,,,380,4,,,4,384,,4
WPR,Eastern Asia,China,CHN,NOTDEFINED,2022,49,2022-12-05T05:00:00.000Z,9935,9289,,,400,,,400,2,,,2,402,,4
WPR,Eastern Asia,China,CHN,NOTDEFINED,2022,50,2022-12-12T05:00:00.000Z,9894,9503,,,247,,,247,,,,,247,,4
WPR,Eastern Asia,China,CHN,NOTDEFINED,2022,51,2022-12-19T05:00:00.000Z,10737,10386,,,57,,,57,,,,,57,,4
WPR,Eastern Asia,China,CHN,NOTDEFINED,2022,52,2022-12-26T05:00:00.000Z,12606,12295,,,19,,,19,,,,,19,,4
WPR,Eastern Asia,China,CHN,NOTDEFINED,2023,1,2023-01-02T05:00:00.000Z,12737,12493,,,17,,,17,,,,,17,,4
WPR,Eastern Asia,China,CHN,NOTDEFINED,2023,2,2023-01-09T05:00:00.000Z,12990,12851,,,24,,,24,1,,,1,25,,4
WPR,Eastern Asia,China,CHN,NOTDEFINED,2023,3,2023-01-16T05:00:00.000Z,11699,11168,,,11,,,11,,,,,11,,4
WPR,Eastern Asia,China,CHN,NOTDEFINED,2023,4,2023-01-23T05:00:00.000Z,12084,11810,,8,36,,,44,1,,,1,45,,4
WPR,Eastern Asia,China,CHN,NOTDEFINED,2023,5,2023-01-30T05:00:00.000Z,13273,12937,,13,33,,,46,4,,,4,50,,4
WPR,Eastern Asia,China,CHN,NOTDEFINED,2023,6,2023-02-06T05:00:00.000Z,14505,14080,,239,226,,,465,7,,,7,472,,4
WPR,Eastern Asia,China,CHN,NOTDEFINED,2023,7,2023-02-13T05:00:00.000Z,16741,16298,,2078,461,,,2539,7,,,7,2546,,4
WPR,Eastern Asia,China,CHN,NOTDEFINED,2023,8,2023-02-20T05:00:00.000Z,22932,22336,,6176,1773,,,7949,18,,,18,7967,,4
WPR,Eastern Asia,China,CHN,NOTDEFINED,2023,9,2023-02-27T05:00:00.000Z,28961,28442,,10262,3664,,,13926,15,,,15,13941,,4
WPR,Eastern Asia,China,CHN,NOTDEFINED,2023,10,2023-03-06T05:00:00.000Z,28103,27595,,10575,4406,,,14981,14,,,14,14995,,4
WPR,Eastern Asia,China,CHN,NOTDEFINED,2023,11,2023-03-13T04:00:00.000Z,27261,26459,,10201,4232,,,14433,1,,,1,14434,,4
WPR,Eastern Asia,China,CHN,NOTDEFINED,2023,12,2023-03-20T04:00:00.000Z,25134,24284,,9629,4176,,,13805,,,,,13805,,4
WPR,Eastern Asia,China,CHN,NOTDEFINED,2023,13,2023-03-27T04:00:00.000Z,25076,24648,,9032,3681,,,12713,5,,,5,12718,,4
WPR,Eastern Asia,China,CHN,NOTDEFINED,2023,14,2023-04-03T04:00:00.000Z,22019,21678,,6728,2954,,,9682,9,,,9,9691,,4
WPR,Eastern Asia,China,CHN,NOTDEFINED,2023,15,2023-04-10T04:00:00.000Z,21265,21062,,4719,2285,,,7004,6,,,6,7010,,4
WPR,Eastern Asia,China,CHN,NOTDEFINED,2023,16,2023-04-17T04:00:00.000Z,22989,22652,,3896,2023,,,5919,25,,,25,5944,,4
WPR,Eastern Asia,China,CHN,NOTDEFINED,2023,17,2023-04-24T04:00:00.000Z,22652,22221,,2524,1315,,,3839,15,,,15,3854,,4
WPR,Eastern Asia,China,CHN,NOTDEFINED,2023,18,2023-05-01T04:00:00.000Z,25401,24990,,1334,893,,,2227,13,,,13,2240,,4
WPR,Eastern Asia,China,CHN,NOTDEFINED,2023,19,2023-05-08T04:00:00.000Z,25631,25239,,685,465,,,1150,10,,,10,1160,,4
WPR,Eastern Asia,China,CHN,NOTDEFINED,2023,20,2023-05-15T04:00:00.000Z,24802,24453,,256,226,,,482,14,,,14,496,,4
WPR,Eastern Asia,China,CHN,NOTDEFINED,2023,21,2023-05-22T04:00:00.000Z,24600,24204,,117,127,,,244,7,,,7,251,,4
WPR,Eastern Asia,China,CHN,NOTDEFINED,2023,22,2023-05-29T04:00:00.000Z,24830,24499,,72,91,,,163,1,,,1,164,,4
WPR,Eastern Asia,China,CHN,NOTDEFINED,2023,23,2023-06-05T04:00:00.000Z,23954,23597,,38,57,,,95,5,,,5,100,,4
WPR,Eastern Asia,China,CHN,NOTDEFINED,2023,24,2023-06-12T04:00:00.000Z,23833,23345,,16,29,,,45,15,,,15,60,,4
WPR,Eastern Asia,China,CHN,NOTDEFINED,2023,25,2023-06-19T04:00:00.000Z,23412,23216,,7,34,,,41,8,,,8,49,,4
WPR,Eastern Asia,China,CHN,NOTDEFINED,2023,26,2023-06-26T04:00:00.000Z,23784,23445,,15,43,,,58,7,,,7,65,,4
WPR,Eastern Asia,China,CHN,NOTDEFINED,2023,27,2023-07-03T04:00:00.000Z,24497,24130,,18,73,,,91,8,,,8,99,,4
WPR,Eastern Asia,China,CHN,NOTDEFINED,2023,28,2023-07-10T04:00:00.000Z,24131,23823,,9,97,,,106,24,,,24,130,,4
WPR,Eastern Asia,China,CHN,NOTDEFINED,2023,29,2023-07-17T04:00:00.000Z,23906,23517,,16,140,,,156,21,,,21,177,,4
WPR,Eastern Asia,China,CHN,NOTDEFINED,2023,30,2023-07-24T04:00:00.000Z,24379,13962,,22,223,,,245,16,,,16,261,,4
WPR,Eastern Asia,China,CHN,NOTDEFINED,2023,31,2023-07-31T04:00:00.000Z,25175,24704,,17,279,,,296,33,,,33,329,,4
WPR,Eastern Asia,China,CHN,NOTDEFINED,2023,32,2023-08-07T04:00:00.000Z,25367,25041,,19,354,,,373,36,,,36,409,,4
WPR,Eastern Asia,China,CHN,NOTDEFINED,2023,33,2023-08-14T04:00:00.000Z,26813,26390,,25,390,,,415,36,,,36,451,,4
WPR,Eastern Asia,China,CHN,NOTDEFINED,2023,34,2023-08-21T04:00:00.000Z,28698,28253,,21,469,,,490,57,,,57,547,,4
WPR,Eastern Asia,China,CHN,NOTDEFINED,2023,35,2023-08-28T04:00:00.000Z,27881,27508,,16,462,,,478,62,,,62,540,,4
WPR,Eastern Asia,China,CHN,NOTDEFINED,2023,36,2023-09-04T04:00:00.000Z,29661,29406,,15,566,,,581,106,,,106,687,,4
WPR,Eastern Asia,China,CHN,NOTDEFINED,2023,37,2023-09-11T04:00:00.000Z,30168,29888,,19,691,,,710,141,,2,143,853,,4
WPR,Eastern Asia,China,CHN,NOTDEFINED,2023,38,2023-09-18T04:00:00.000Z,30682,30298,,23,887,,,910,201,,2,203,1113,,4
WPR,Eastern Asia,China,CHN,NOTDEFINED,2023,39,2023-09-25T04:00:00.000Z,25304,24129,,23,664,,,687,181,,1,182,869,,4